<?xml version="1.0" encoding="UTF-8"?>
<GenRun Id="synth_1" LaunchPart="xc7z020clg400-1" LaunchTime="1596540608">
  <File Type="VDS-TIMINGSUMMARY" Name="clk_div_timing_summary_synth.rpt"/>
  <File Type="RDS-DCP" Name="clk_div.dcp"/>
  <File Type="RDS-UTIL-PB" Name="clk_div_utilization_synth.pb"/>
  <File Type="RDS-UTIL" Name="clk_div_utilization_synth.rpt"/>
  <File Type="RDS-PROPCONSTRS" Name="clk_div_drc_synth.rpt"/>
  <File Type="RDS-RDS" Name="clk_div.vds"/>
  <File Type="REPORTS-TCL" Name="clk_div_reports.tcl"/>
  <File Type="VDS-TIMING-PB" Name="clk_div_timing_summary_synth.pb"/>
  <File Type="PA-TCL" Name="clk_div.tcl"/>
  <FileSet Name="sources" Type="DesignSrcs" RelSrcDir="$PSRCDIR/sources_1">
    <Filter Type="Srcs"/>
    <File Path="$PSRCDIR/sources_1/new/clk_div.v">
      <FileInfo>
        <Attr Name="UsedIn" Val="synthesis"/>
        <Attr Name="UsedIn" Val="implementation"/>
        <Attr Name="UsedIn" Val="simulation"/>
      </FileInfo>
    </File>
    <Config>
      <Option Name="DesignMode" Val="RTL"/>
      <Option Name="TopModule" Val="clk_div"/>
      <Option Name="TopAutoSet" Val="TRUE"/>
    </Config>
  </FileSet>
  <FileSet Name="constrs_in" Type="Constrs" RelSrcDir="$PSRCDIR/constrs_1">
    <Filter Type="Constrs"/>
    <File Path="$PPRDIR/../digilent-xdc-master/Arty-Z7-20-Master.xdc">
      <FileInfo>
        <Attr Name="UsedIn" Val="synthesis"/>
        <Attr Name="UsedIn" Val="implementation"/>
      </FileInfo>
    </File>
    <Config>
      <Option Name="ConstrsType" Val="XDC"/>
    </Config>
  </FileSet>
  <FileSet Name="utils" Type="Utils" RelSrcDir="$PSRCDIR/utils_1">
    <Filter Type="Utils"/>
    <Config>
      <Option Name="TopAutoSet" Val="TRUE"/>
    </Config>
  </FileSet>
  <Strategy Version="1" Minor="2">
    <StratHandle Name="Vivado Synthesis Defaults" Flow="Vivado Synthesis 2019">
      <Desc>Vivado Synthesis Defaults</Desc>
    </StratHandle>
    <Step Id="synth_design"/>
  </Strategy>
</GenRun>
