<?xml version="1.0" encoding="UTF-8"?>
<GenRun Id="impl_1" LaunchPart="xc7z020clg400-1" LaunchTime="1596540608">
  <File Type="WBT-USG" Name="usage_statistics_webtalk.html"/>
  <File Type="RDI-RDI" Name="clk_div.vdi"/>
  <File Type="BG-DRC" Name="clk_div.drc"/>
  <File Type="BG-BGN" Name="clk_div.bgn"/>
  <File Type="BITSTR-SYSDEF" Name="clk_div.sysdef"/>
  <File Type="BITSTR-LTX" Name="debug_nets.ltx"/>
  <File Type="BITSTR-LTX" Name="clk_div.ltx"/>
  <File Type="BITSTR-MMI" Name="clk_div.mmi"/>
  <File Type="BITSTR-BMM" Name="clk_div_bd.bmm"/>
  <File Type="BITSTR-NKY" Name="clk_div.nky"/>
  <File Type="BITSTR-RBT" Name="clk_div.rbt"/>
  <File Type="BITSTR-MSK" Name="clk_div.msk"/>
  <File Type="BG-BIN" Name="clk_div.bin"/>
  <File Type="BG-BIT" Name="clk_div.bit"/>
  <File Type="POSTROUTE-PHYSOPT-BUS-SKEW-RPX" Name="clk_div_bus_skew_postroute_physopted.rpx"/>
  <File Type="POSTROUTE-PHYSOPT-BUS-SKEW-PB" Name="clk_div_bus_skew_postroute_physopted.pb"/>
  <File Type="POSTROUTE-PHYSOPT-BUS-SKEW" Name="clk_div_bus_skew_postroute_physopted.rpt"/>
  <File Type="POSTROUTE-PHYSOPT-TIMING-RPX" Name="clk_div_timing_summary_postroute_physopted.rpx"/>
  <File Type="POSTROUTE-PHYSOPT-TIMING-PB" Name="clk_div_timing_summary_postroute_physopted.pb"/>
  <File Type="POSTROUTE-PHYSOPT-TIMING" Name="clk_div_timing_summary_postroute_physopted.rpt"/>
  <File Type="POSTROUTE-PHYSOPT-BLACKBOX-DCP" Name="clk_div_postroute_physopt_bb.dcp"/>
  <File Type="POSTROUTE-PHYSOPT-DCP" Name="clk_div_postroute_physopt.dcp"/>
  <File Type="ROUTE-BUS-SKEW-RPX" Name="clk_div_bus_skew_routed.rpx"/>
  <File Type="POSTPLACE-PWROPT-DCP" Name="clk_div_postplace_pwropt.dcp"/>
  <File Type="PLACE-PRE-SIMILARITY" Name="clk_div_incremental_reuse_pre_placed.rpt"/>
  <File Type="ROUTE-METHODOLOGY-DRC-RPX" Name="clk_div_methodology_drc_routed.rpx"/>
  <File Type="PLACE-UTIL" Name="clk_div_utilization_placed.rpt"/>
  <File Type="OPT-METHODOLOGY-DRC" Name="clk_div_methodology_drc_opted.rpt"/>
  <File Type="PLACE-CLK" Name="clk_div_clock_utilization_placed.rpt"/>
  <File Type="PLACE-IO" Name="clk_div_io_placed.rpt"/>
  <File Type="PLACE-CTRL" Name="clk_div_control_sets_placed.rpt"/>
  <File Type="ROUTE-METHODOLOGY-DRC-PB" Name="clk_div_methodology_drc_routed.pb"/>
  <File Type="PLACE-DCP" Name="clk_div_placed.dcp"/>
  <File Type="INIT-TIMING" Name="clk_div_timing_summary_init.rpt"/>
  <File Type="PWROPT-DRC" Name="clk_div_drc_pwropted.rpt"/>
  <File Type="PWROPT-TIMING" Name="clk_div_timing_summary_pwropted.rpt"/>
  <File Type="REPORTS-TCL" Name="clk_div_reports.tcl"/>
  <File Type="PLACE-TIMING" Name="clk_div_timing_summary_placed.rpt"/>
  <File Type="OPT-DRC" Name="clk_div_drc_opted.rpt"/>
  <File Type="POSTPLACE-PWROPT-TIMING" Name="clk_div_timing_summary_postplace_pwropted.rpt"/>
  <File Type="PA-TCL" Name="clk_div.tcl"/>
  <File Type="OPT-TIMING" Name="clk_div_timing_summary_opted.rpt"/>
  <File Type="PLACE-UTIL-PB" Name="clk_div_utilization_placed.pb"/>
  <File Type="ROUTE-METHODOLOGY-DRC" Name="clk_div_methodology_drc_routed.rpt"/>
  <File Type="OPT-DCP" Name="clk_div_opt.dcp"/>
  <File Type="OPT-HWDEF" Name="clk_div.hwdef"/>
  <File Type="PHYSOPT-TIMING" Name="clk_div_timing_summary_physopted.rpt"/>
  <File Type="PLACE-SIMILARITY" Name="clk_div_incremental_reuse_placed.rpt"/>
  <File Type="ROUTE-DRC-RPX" Name="clk_div_drc_routed.rpx"/>
  <File Type="PWROPT-DCP" Name="clk_div_pwropt.dcp"/>
  <File Type="PHYSOPT-DCP" Name="clk_div_physopt.dcp"/>
  <File Type="PHYSOPT-DRC" Name="clk_div_drc_physopted.rpt"/>
  <File Type="ROUTE-ERROR-DCP" Name="clk_div_routed_error.dcp"/>
  <File Type="ROUTE-DCP" Name="clk_div_routed.dcp"/>
  <File Type="ROUTE-BLACKBOX-DCP" Name="clk_div_routed_bb.dcp"/>
  <File Type="ROUTE-DRC" Name="clk_div_drc_routed.rpt"/>
  <File Type="ROUTE-DRC-PB" Name="clk_div_drc_routed.pb"/>
  <File Type="ROUTE-PWR" Name="clk_div_power_routed.rpt"/>
  <File Type="ROUTE-PWR-SUM" Name="clk_div_power_summary_routed.pb"/>
  <File Type="ROUTE-PWR-RPX" Name="clk_div_power_routed.rpx"/>
  <File Type="ROUTE-STATUS" Name="clk_div_route_status.rpt"/>
  <File Type="ROUTE-STATUS-PB" Name="clk_div_route_status.pb"/>
  <File Type="ROUTE-TIMINGSUMMARY" Name="clk_div_timing_summary_routed.rpt"/>
  <File Type="ROUTE-TIMING-PB" Name="clk_div_timing_summary_routed.pb"/>
  <File Type="ROUTE-TIMING-RPX" Name="clk_div_timing_summary_routed.rpx"/>
  <File Type="ROUTE-SIMILARITY" Name="clk_div_incremental_reuse_routed.rpt"/>
  <File Type="ROUTE-CLK" Name="clk_div_clock_utilization_routed.rpt"/>
  <File Type="ROUTE-BUS-SKEW" Name="clk_div_bus_skew_routed.rpt"/>
  <File Type="ROUTE-BUS-SKEW-PB" Name="clk_div_bus_skew_routed.pb"/>
  <FileSet Name="sources" Type="DesignSrcs" RelSrcDir="$PSRCDIR/sources_1">
    <Filter Type="Srcs"/>
    <File Path="$PSRCDIR/sources_1/new/clk_div.v">
      <FileInfo>
        <Attr Name="UsedIn" Val="synthesis"/>
        <Attr Name="UsedIn" Val="implementation"/>
        <Attr Name="UsedIn" Val="simulation"/>
      </FileInfo>
    </File>
    <Config>
      <Option Name="DesignMode" Val="RTL"/>
      <Option Name="TopModule" Val="clk_div"/>
      <Option Name="TopAutoSet" Val="TRUE"/>
    </Config>
  </FileSet>
  <FileSet Name="constrs_in" Type="Constrs" RelSrcDir="$PSRCDIR/constrs_1">
    <Filter Type="Constrs"/>
    <File Path="$PPRDIR/../digilent-xdc-master/Arty-Z7-20-Master.xdc">
      <FileInfo>
        <Attr Name="UsedIn" Val="synthesis"/>
        <Attr Name="UsedIn" Val="implementation"/>
      </FileInfo>
    </File>
    <Config>
      <Option Name="ConstrsType" Val="XDC"/>
    </Config>
  </FileSet>
  <FileSet Name="utils" Type="Utils" RelSrcDir="$PSRCDIR/utils_1">
    <Filter Type="Utils"/>
    <Config>
      <Option Name="TopAutoSet" Val="TRUE"/>
    </Config>
  </FileSet>
  <Strategy Version="1" Minor="2">
    <StratHandle Name="Vivado Implementation Defaults" Flow="Vivado Implementation 2019">
      <Desc>Default settings for Implementation.</Desc>
    </StratHandle>
    <Step Id="init_design"/>
    <Step Id="opt_design"/>
    <Step Id="power_opt_design"/>
    <Step Id="place_design"/>
    <Step Id="post_place_power_opt_design"/>
    <Step Id="phys_opt_design"/>
    <Step Id="route_design"/>
    <Step Id="post_route_phys_opt_design"/>
    <Step Id="write_bitstream"/>
  </Strategy>
</GenRun>
